id,date,total_with_one_dose,total_completed,total_booster,total_vaccinations,total_persons_vaccinated
1,2020-12-28,447,0,0,447,447
2,2020-12-29,1077,0,0,1077,1077
3,2020-12-30,1722,0,0,1722,1722
4,2020-12-31,2339,0,0,2339,2339
5,2021-01-01,2603,0,0,2603,2603
6,2021-01-02,3149,0,0,3149,3149
7,2021-01-03,3869,0,0,3869,3869
8,2021-01-04,10327,0,0,10327,10327
9,2021-01-05,16631,0,0,16631,16631
10,2021-01-06,20616,0,0,20616,20616
11,2021-01-07,26445,0,0,26445,26445
12,2021-01-08,35272,0,0,35272,35272
13,2021-01-09,40427,0,0,40427,40427
14,2021-01-10,44645,0,0,44645,44645
15,2021-01-11,50045,0,0,50045,50045
16,2021-01-12,56475,0,0,56475,56475
17,2021-01-13,64932,0,0,64932,64932
18,2021-01-14,70960,0,0,70960,70960
19,2021-01-15,75412,0,0,75412,75412
20,2021-01-16,80389,2,0,80391,80389
21,2021-01-17,80389,2,0,80391,80389
22,2021-01-18,85475,423,0,85898,85475
23,2021-01-19,93382,1072,0,94454,93382
24,2021-01-20,108167,1664,0,109831,108167
25,2021-01-21,123667,2261,0,125928,123667
26,2021-01-22,141298,2579,0,143877,141298
27,2021-01-23,156966,3135,0,160101,156966
28,2021-01-24,156966,3135,0,160101,156966
29,2021-01-25,171890,8061,0,179951,171890
30,2021-01-26,184610,13145,0,197755,184610
31,2021-01-27,198161,17879,0,216040,198161
32,2021-01-28,210488,23797,0,234285,210488
33,2021-01-29,220621,32742,0,253363,220621
34,2021-01-30,232399,38888,0,271287,232399
35,2021-01-31,232399,38888,0,271287,232399
36,2021-02-01,247251,46566,0,293817,247251
37,2021-02-02,261543,54085,0,315628,261543
38,2021-02-03,276103,62019,0,338122,276103
39,2021-02-04,291259,68464,0,359723,291259
40,2021-02-05,306441,73695,0,380136,306441
41,2021-02-06,318097,79760,0,397857,318097
42,2021-02-07,318097,79760,0,397857,318097
43,2021-02-08,332812,84753,0,417565,332812
44,2021-02-09,345290,92582,0,437872,345290
45,2021-02-10,353412,106123,0,459535,353412
46,2021-02-11,360800,121616,0,482416,360800
47,2021-02-12,366749,139289,0,506038,366749
48,2021-02-13,371462,154907,0,526369,371462
49,2021-02-14,371462,154907,0,526369,371462
50,2021-02-15,386049,168696,0,554745,386049
51,2021-02-16,397840,177926,0,575766,397840
52,2021-02-17,412970,190697,0,603667,412970
53,2021-02-18,430124,203913,0,634037,430124
54,2021-02-19,449073,215274,0,664347,449073
55,2021-02-20,465842,227594,0,693436,465842
56,2021-02-21,467656,229589,0,697245,467656
57,2021-02-22,486820,243590,0,730410,486820
58,2021-02-23,505148,257476,0,762624,505148
59,2021-02-24,522510,271837,0,794347,522510
60,2021-02-25,540039,286331,0,826370,540039
61,2021-02-26,556380,300926,0,857306,556380
62,2021-02-27,572174,313647,0,885821,572174
63,2021-02-28,572174,313647,0,885821,572174
64,2021-03-01,594053,327136,0,921189,594053
65,2021-03-02,617737,339402,0,957139,617737
66,2021-03-03,643218,348191,0,991409,643218
67,2021-03-04,669152,355559,0,1024711,669152
68,2021-03-05,697877,361427,0,1059304,697876
69,2021-03-06,725389,366360,0,1091749,725388
70,2021-03-07,725389,366360,0,1091749,725388
71,2021-03-08,753637,372423,0,1126060,753636
72,2021-03-09,780538,377848,0,1158386,780536
73,2021-03-10,807282,383441,0,1190723,807280
74,2021-03-11,831764,390629,0,1222393,831761
75,2021-03-12,855154,398933,0,1254087,855151
76,2021-03-13,877405,406067,0,1283472,877402
77,2021-03-14,877405,406067,0,1283472,877402
78,2021-03-15,877647,407790,0,1285437,877644
79,2021-03-16,895924,420630,0,1316554,895920
80,2021-03-17,915646,430089,0,1345735,915641
81,2021-03-18,935274,440554,0,1375828,935269
82,2021-03-19,956750,450314,0,1407064,956745
83,2021-03-20,977050,459441,0,1436491,977045
84,2021-03-21,977050,459441,0,1436491,977045
85,2021-03-22,997964,471056,0,1469020,997959
86,2021-03-23,1018675,484812,0,1503487,1018670
87,2021-03-24,1035548,501409,0,1536957,1035543
88,2021-03-25,1035664,501440,0,1537104,1035659
89,2021-03-26,1046297,526429,0,1572726,1046291
90,2021-03-27,1055750,548488,0,1604238,1055744
91,2021-03-28,1055750,548488,0,1604238,1055744
92,2021-03-29,1066880,568796,0,1635676,1066873
93,2021-03-30,1080665,588291,0,1668956,1080658
94,2021-03-31,1092640,607167,0,1699807,1092633
95,2021-04-01,1114370,624681,0,1739051,1114363
96,2021-04-02,1135593,641909,0,1777502,1135585
97,2021-04-03,1171428,658934,0,1830362,1171420
98,2021-04-04,1171428,658934,0,1830362,1171420
99,2021-04-05,1222690,663680,0,1886370,1222682
100,2021-04-06,1269946,676393,0,1946339,1269938
101,2021-04-07,1312904,690740,0,2003644,1312896
102,2021-04-08,1353965,704785,0,2058750,1353956
103,2021-04-09,1394022,720200,0,2114222,1394013
104,2021-04-10,1435513,733840,0,2169353,1435503
105,2021-04-11,1435513,733840,0,2169353,1435503
106,2021-04-12,1480489,745389,0,2225878,1480479
107,2021-04-13,1524912,756022,0,2280934,1524902
108,2021-04-14,1569569,764988,0,2334557,1569559
109,2021-04-15,1620077,767071,0,2387148,1620067
110,2021-04-16,1671334,768876,0,2440210,1671324
111,2021-04-17,1721660,770197,0,2491857,1721650
112,2021-04-18,1721660,770197,0,2491857,1721650
113,2021-04-19,1774130,772024,0,2546154,1774120
114,2021-04-20,1826628,774370,0,2600998,1826618
115,2021-04-21,1876019,776429,0,2652448,1876009
116,2021-04-22,1924640,784140,0,2708780,1924630
117,2021-04-23,1971371,793996,0,2765367,1971361
118,2021-04-24,2004522,817103,0,2821625,2004512
119,2021-04-25,2004522,817103,0,2821625,2004512
120,2021-04-26,2032100,851099,0,2883199,2032090
121,2021-04-27,2063834,881224,0,2945058,2063824
122,2021-04-28,2099353,910135,0,3009488,2099343
123,2021-04-29,2131900,943798,0,3075698,2131890
124,2021-04-30,2153570,944123,0,3097693,2153560
125,2021-05-01,2170858,944481,0,3115339,2170847
126,2021-05-02,2170858,944481,0,3115339,2170847
127,2021-05-03,2191460,945331,0,3136791,2191449
128,2021-05-04,2214660,986552,0,3201212,2214648
129,2021-05-05,2272655,1041838,0,3309765,2272642
130,2021-05-06,2333926,1100081,0,3424441,2333913
131,2021-05-07,2391483,1158110,0,3535148,2391470
132,2021-05-08,2450316,1216683,0,3647616,2450303
133,2021-05-09,2450316,1216683,0,3647616,2450303
134,2021-05-10,2507242,1277825,0,3760640,2507229
135,2021-05-11,2561871,1335798,0,3868356,2561858
136,2021-05-12,2615136,1392281,0,3973336,2615123
137,2021-05-13,2666908,1450838,0,4079168,2666895
138,2021-05-14,2718404,1510095,0,4185347,2718390
139,2021-05-15,2772428,1568229,0,4292541,2772414
140,2021-05-16,2772428,1568229,0,4292541,2772414
141,2021-05-17,2836987,1624604,0,4405618,2836972
142,2021-05-18,2905229,1672775,0,4513979,2905212
143,2021-05-19,2974198,1709388,0,4615746,2974175
144,2021-05-20,3044725,1743394,0,4716739,3044700
145,2021-05-21,3121419,1768771,0,4814981,3121394
146,2021-05-22,3200890,1791271,0,4913334,3200861
147,2021-05-23,3200890,1791271,0,4913334,3200861
148,2021-05-24,3281580,1813815,0,5012666,3281550
149,2021-05-25,3357696,1836773,0,5107830,3357664
150,2021-05-26,3416374,1880694,0,5206825,3416341
151,2021-05-27,3474679,1924490,0,5305355,3474645
152,2021-05-28,3532565,1967849,0,5402105,3532531
153,2021-05-29,3589548,2010989,0,5498042,3589514
154,2021-05-30,3589548,2010989,0,5498042,3589514
155,2021-05-31,3648009,2058287,0,5597624,3647975
156,2021-06-01,3699010,2105971,0,5691818,3698975
157,2021-06-02,3752252,2155442,0,5791280,3752217
158,2021-06-03,3803210,2204220,0,5888281,3803175
159,2021-06-04,3854982,2253347,0,5986480,3854947
160,2021-06-05,3904284,2305626,0,6084963,3904249
161,2021-06-06,3972071,2309366,0,6156375,3972036
162,2021-06-07,4021068,2369187,0,6258951,4021033
163,2021-06-08,4062844,2435852,0,6361417,4062809
164,2021-06-09,4100056,2506621,0,6463465,4100020
165,2021-06-10,4130796,2582154,0,6564056,4130759
166,2021-06-11,4160324,2660260,0,6665626,4160286
167,2021-06-12,4187240,2743851,0,6770033,4187201
168,2021-06-13,4247316,2749592,0,6835783,4247276
169,2021-06-14,4274475,2831081,0,6938959,4274435
170,2021-06-15,4302150,2911340,0,7041432,4302109
171,2021-06-16,4339032,2980883,0,7142822,4338990
172,2021-06-17,4381219,3045889,0,7244517,4381177
173,2021-06-18,4424168,3108991,0,7345346,4424124
174,2021-06-19,4468570,3171374,0,7446861,4468526
175,2021-06-20,4526282,3175443,0,7508584,4526238
176,2021-06-21,4528608,3175501,0,7510968,4528564
177,2021-06-22,4565962,3248653,0,7616421,4565918
178,2021-06-23,4604248,3321644,0,7722093,4604203
179,2021-06-24,4641889,3390060,0,7822697,4641844
180,2021-06-25,4678468,3461165,0,7925253,4678423
181,2021-06-26,4714326,3534001,0,8028343,4714281
182,2021-06-27,4728579,3590937,0,8098959,4728534
183,2021-06-28,4762226,3666080,0,8202338,4762181
184,2021-06-29,4800359,3730060,0,8299173,4800314
185,2021-06-30,4839234,3788906,0,8391535,4839188
186,2021-07-01,4884042,3831147,0,8475823,4883996
187,2021-07-02,4923673,3878045,0,8559280,4923627
188,2021-07-03,4970733,3917016,0,8641748,4970687
189,2021-07-04,4988163,3968350,0,8710475,4988117
190,2021-07-05,5034790,4017820,0,8802118,5034743
191,2021-07-06,5081770,4058143,0,8884422,5081723
192,2021-07-07,5120640,4105653,0,8966023,5120593
193,2021-07-08,5162930,4151907,0,9050766,5162882
194,2021-07-09,5204304,4201847,0,9138465,5204251
195,2021-07-10,5244189,4255688,0,9228699,5244136
196,2021-07-11,5246110,4258610,0,9233521,5246057
197,2021-07-12,5269237,4331934,0,9325449,5269184
198,2021-07-13,5302319,4388072,0,9409245,5302266
199,2021-07-14,5332580,4438726,0,9485402,5332527
200,2021-07-15,5364957,4486033,0,9560592,5364904
201,2021-07-16,5398353,4534255,0,9637701,5398299
202,2021-07-17,5430157,4586714,0,9717834,5430103
203,2021-07-18,5431670,4590758,0,9723233,5431616
204,2021-07-19,5466109,4644901,0,9807851,5466055
205,2021-07-20,5497328,4690118,0,9880514,5497274
206,2021-07-21,5525866,4734403,0,9950017,5525812
207,2021-07-22,5551526,4787767,0,10025958,5551472
208,2021-07-23,5578650,4830974,0,10093195,5578596
209,2021-07-24,5598682,4881022,0,10160738,5598628
210,2021-07-25,5599401,4882228,0,10162629,5599347
211,2021-07-26,5616551,4943131,0,10237691,5616497
212,2021-07-27,5635911,4993770,0,10304614,5635856
213,2021-07-28,5655786,5034742,0,10362660,5655731
214,2021-07-29,5672262,5075546,0,10417610,5672206
215,2021-07-30,5690314,5118376,0,10475917,5690258
216,2021-07-31,5705671,5165666,0,10536457,5705615
217,2021-08-01,5706416,5167260,0,10538744,5706360
218,2021-08-02,5726800,5198378,0,10588397,5726744
219,2021-08-03,5741571,5231845,0,10634825,5741514
220,2021-08-04,5755372,5262223,0,10676924,5755315
221,2021-08-05,5767713,5293507,0,10718787,5767655
222,2021-08-06,5780422,5325349,0,10761438,5780364
223,2021-08-07,5791398,5360158,0,10806193,5791340
224,2021-08-08,5791894,5361270,0,10807733,5791836
225,2021-08-09,5799515,5391529,0,10843911,5799457
226,2021-08-10,5807068,5416918,0,10875211,5807010
227,2021-08-11,5815144,5441745,0,10906296,5815086
228,2021-08-12,5823197,5465647,0,10936531,5823139
229,2021-08-13,5831413,5487885,0,10965338,5831355
230,2021-08-14,5838557,5504723,0,10988409,5838499
231,2021-08-15,5838746,5505041,0,10988838,5838688
232,2021-08-16,5850750,5524389,0,11018447,5850692
233,2021-08-17,5861749,5544272,0,11047575,5861691
234,2021-08-18,5873009,5563987,0,11076656,5872951
235,2021-08-19,5883351,5579852,0,11101460,5883293
236,2021-08-20,5894724,5597167,0,11128403,5894666
237,2021-08-21,5904555,5614071,0,11153817,5904497
238,2021-08-22,5904799,5614458,0,11154395,5904741
239,2021-08-23,5917139,5635437,0,11186043,5917081
240,2021-08-24,5932269,5651654,0,11215341,5932210
241,2021-08-25,5951234,5668041,0,11247943,5951175
242,2021-08-26,5970391,5681994,0,11278583,5970332
243,2021-08-27,5991224,5697216,0,11311667,5991165
244,2021-08-28,6009602,5712066,0,11342438,6009543
245,2021-08-29,6010329,5712497,0,11343445,6010270
246,2021-08-30,6033144,5726036,0,11376741,6033085
247,2021-08-31,6056242,5738106,0,11408609,6056183
248,2021-09-01,6079798,5748030,0,11439413,6079739
249,2021-09-02,6100565,5757051,0,11466985,6100506
250,2021-09-03,6122095,5766616,0,11495740,6122036
251,2021-09-04,6141512,5776111,0,11522842,6141453
252,2021-09-05,6142025,5776336,0,11523504,6141966
253,2021-09-06,6161083,5788447,0,11552558,6161023
254,2021-09-07,6179949,5799038,0,11579860,6179889
255,2021-09-08,6200013,5809940,0,11608678,6199953
256,2021-09-09,6218640,5820279,0,11635474,6218580
257,2021-09-10,6239086,5832628,0,11665847,6239026
258,2021-09-11,6259470,5845008,0,11696468,6259410
259,2021-09-12,6260044,5845265,0,11697197,6259984
260,2021-09-13,6281590,5857688,0,11728334,6281530
261,2021-09-14,6301199,5870748,1061,11759421,6301139
262,2021-09-15,6318727,5886568,4090,11792922,6318667
263,2021-09-16,6333295,5902009,6955,11823448,6333235
264,2021-09-17,6348735,5919747,9506,11856787,6348675
265,2021-09-18,6362358,5939290,11264,11890088,6362298
266,2021-09-19,6363115,5940008,11319,11891452,6363055
267,2021-09-20,6374385,5958770,13896,11922452,6374325
268,2021-09-21,6383946,5975813,16041,11949764,6383886
269,2021-09-22,6393078,5994644,17810,11977843,6393017
270,2021-09-23,6400546,6011426,19804,12002672,6400485
271,2021-09-24,6409344,6031804,21300,12031974,6409283
272,2021-09-25,6416751,6054603,22200,12062209,6416690
273,2021-09-26,6417211,6055937,22250,12063951,6417150
274,2021-09-27,6424805,6073342,23433,12089060,6424744
275,2021-09-28,6431924,6089410,24465,12112187,6431863
276,2021-09-29,6438835,6106943,25470,12136422,6438774
277,2021-09-30,6445340,6123386,30227,12162958,6445279
278,2021-10-01,6452193,6139679,37919,12192739,6452132
279,2021-10-02,6458146,6158965,44426,12223740,6458085
280,2021-10-03,6458578,6159916,44790,12225389,6458517
281,2021-10-04,6463824,6175383,55301,12255727,6463763
282,2021-10-05,6469409,6190076,66640,12286340,6469348
283,2021-10-06,6475516,6203814,78888,12317319,6475455
284,2021-10-07,6481736,6215544,90758,12346128,6481675
285,2021-10-08,6489366,6229374,103298,12378946,6489305
286,2021-10-09,6496977,6243653,114661,12411310,6496916
287,2021-10-10,6497446,6244395,115052,12412827,6497385
288,2021-10-11,6504917,6255574,129284,12444537,6504856
289,2021-10-12,6512593,6265394,145319,12476953,6512532
290,2021-10-13,6519991,6274331,162580,12509353,6519927
291,2021-10-14,6526872,6281701,177407,12537399,6526808
292,2021-10-15,6534864,6290811,190792,12566869,6534800
293,2021-10-16,6542828,6300798,201861,12595035,6542764
294,2021-10-17,6543412,6301452,202188,12596452,6543348
295,2021-10-18,6550727,6309002,216709,12624894,6550663
296,2021-10-19,6558337,6315626,230798,12652171,6558273
297,2021-10-20,6566085,6321918,245101,12679428,6566021
298,2021-10-21,6573919,6327941,258547,12705670,6573855
299,2021-10-22,6583195,6334956,270973,12733298,6583131
300,2021-10-23,6593305,6342127,280980,12759638,6593241
301,2021-10-24,6593512,6342240,281033,12759982,6593448
302,2021-10-25,6602235,6347807,293266,12785479,6602171
303,2021-10-26,6609548,6352379,302603,12805793,6609484
304,2021-10-27,6618514,6358339,315225,12832032,6618450
305,2021-10-28,6618715,6358448,315306,12832402,6618651
306,2021-10-29,6628502,6367956,327793,12863008,6628438
307,2021-10-30,6638748,6375603,340451,12892412,6638684
308,2021-10-31,6638940,6375743,340526,12892763,6638876
309,2021-11-01,6646597,6382373,355906,12921550,6646533
310,2021-11-02,6655753,6388920,373418,12953577,6655689
311,2021-11-03,6666785,6395944,393372,12989716,6666721
312,2021-11-04,6679947,6402949,412146,13026544,6679883
313,2021-11-05,6696294,6412309,431135,13067993,6696230
314,2021-11-06,6710585,6420739,444374,13102311,6710521
315,2021-11-07,6711709,6421336,444852,13104188,6711645
316,2021-11-08,6725295,6429032,468263,13146738,6725231
317,2021-11-09,6740183,6435983,492565,13191233,6740119
318,2021-11-10,6754583,6443813,527900,13246810,6754519
319,2021-11-11,6768712,6451037,564186,13302808,6768648
320,2021-11-12,6782222,6460015,599301,13358662,6782158
321,2021-11-13,6797209,6469449,628835,13411490,6797145
322,2021-11-14,6798543,6470028,630386,13414759,6798479
323,2021-11-15,6812714,6477779,664450,13468672,6812649
324,2021-11-16,6833040,6486520,712486,13543647,6832975
325,2021-11-17,6850964,6494916,758208,13613075,6850899
326,2021-11-18,6868210,6499176,807181,13681432,6868145
327,2021-11-19,6884954,6508708,855495,13753396,6884888
328,2021-11-20,6903817,6519092,897422,13822659,6903751
329,2021-11-21,6905854,6519979,899933,13827670,6905788
330,2021-11-22,6921929,6528091,948733,13898403,6921863
331,2021-11-23,6939802,6537177,1006024,13980048,6939735
332,2021-11-24,6958774,6547857,1064773,14065170,6958707
333,2021-11-25,6978147,6559882,1127382,14156097,6978080
334,2021-11-26,6998827,6574051,1187936,14248118,6998760
335,2021-11-27,7017648,6587912,1244549,14334894,7017580
336,2021-11-28,7020880,6588976,1252180,14346455,7020812
337,2021-11-29,7034384,6601084,1313467,14430924,7034316
338,2021-11-30,7047655,6614211,1374349,14516080,7047587
339,2021-12-01,7063140,6627366,1441151,14608829,7063072
340,2021-12-02,7079093,6639951,1509419,14703436,7079025
341,2021-12-03,7096059,6653461,1578720,14800391,7095991
342,2021-12-04,7111473,6668194,1648629,14898188,7111405
343,2021-12-05,7147377,6672319,1701702,14990602,7147309
344,2021-12-06,7164318,6689541,1790033,15110625,7164250
345,2021-12-07,7175799,6704361,1865692,15210375,7175730
346,2021-12-08,7188295,6720846,1951476,15322565,7188226
347,2021-12-09,7202058,6736733,2035543,15434191,7201989
348,2021-12-10,7216118,6752813,2119939,15546327,7216048
349,2021-12-11,7226295,6770585,2203200,15655874,7226225
350,2021-12-12,7256041,6775660,2267292,15754335,7255971
351,2021-12-13,7265966,6788138,2339686,15847732,7265896
352,2021-12-14,7276256,6803330,2426391,15958423,7276186
353,2021-12-15,7287127,6819800,2512588,16070308,7287057
354,2021-12-16,7298928,6836045,2597248,16181393,7298858
355,2021-12-17,7311962,6854718,2679779,16293123,7311889
356,2021-12-18,7325704,6871356,2762667,16405290,7325631
357,2021-12-19,7347028,6877997,2833726,16503921,7346955
358,2021-12-20,7362707,6889751,2913155,16609921,7362634
359,2021-12-21,7374523,6903248,2998110,16718644,7374450
360,2021-12-22,7387788,6921458,3079914,16826398,7387715
361,2021-12-23,7401322,6935594,3158217,16930955,7401249
362,2021-12-24,7411227,6948465,3215596,17009581,7411154
363,2021-12-25,7411387,6948601,3215863,17010112,7411314
364,2021-12-26,7411427,6948613,3215889,17010188,7411354
365,2021-12-27,7420689,6982585,3256170,17093068,7420615
366,2021-12-28,7431770,7006801,3329290,17200240,7431695
367,2021-12-29,7445745,7020082,3405877,17302858,7445669
368,2021-12-30,7459522,7031794,3479029,17400380,7459446
369,2021-12-31,7469446,7041133,3530076,17469497,7469369
370,2022-01-01,7469635,7041308,3530263,17470021,7469558
371,2022-01-02,7481453,7043668,3577893,17531789,7481376
372,2022-01-03,7491781,7065457,3639003,17623828,7491703
373,2022-01-04,7500530,7081340,3709182,17717885,7500452
374,2022-01-05,7510953,7094445,3781031,17812398,7510875
375,2022-01-06,7514664,7097804,3802846,17841184,7514586
376,2022-01-07,7525887,7109534,3852924,17913603,7525809
377,2022-01-08,7538691,7124691,3922480,18010925,7538613
378,2022-01-09,7542036,7127675,3955797,18050360,7541958
379,2022-01-10,7552175,7143177,4004217,18122797,7552097
380,2022-01-11,7565247,7157363,4067156,18211990,7565168
381,2022-01-12,7577157,7171477,4128707,18298513,7577075
382,2022-01-13,7590437,7184679,4186663,18382249,7590353
383,2022-01-14,7604646,7195405,4245379,18464988,7604561
384,2022-01-15,7618878,7204870,4307844,18550685,7618793
385,2022-01-16,7625773,7207261,4336807,18588675,7625688
386,2022-01-17,7634816,7215280,4381687,18649248,7634730
387,2022-01-18,7647307,7225805,4433464,18723304,7647219
388,2022-01-19,7659560,7238252,4482038,18795960,7659471
389,2022-01-20,7670954,7249945,4526900,18863508,7670865
390,2022-01-21,7683139,7259085,4573746,18931582,7683049
391,2022-01-22,7696042,7266497,4625610,19004130,7695950
392,2022-01-23,7702053,7267767,4645333,19031146,7701961
393,2022-01-24,7708213,7277709,4673601,19074854,7708120
394,2022-01-25,7713284,7283442,4692352,19104334,7713190
395,2022-01-26,7718304,7289336,4709519,19132406,7718210
396,2022-01-27,7725401,7295384,4738004,19174176,7725307
397,2022-01-28,7734458,7306554,4773439,19229825,7734363
398,2022-01-29,7743603,7321983,4812302,19293574,7743507
399,2022-01-30,7748882,7325393,4829090,19319108,7748786
400,2022-01-31,7756012,7335277,4854521,19361091,7755916
401,2022-02-01,7764724,7345617,4882191,19407803,7764628
402,2022-02-02,7772799,7354432,4905728,19448257,7772703
403,2022-02-03,7779669,7364105,4926340,19485592,7779573
404,2022-02-04,7786234,7374433,4947862,19524166,7786138
405,2022-02-05,7793329,7386394,4973072,19568729,7793233
406,2022-02-06,7795042,7388508,4981005,19580490,7794946
407,2022-02-07,7800155,7395339,5001595,19612560,7800059
408,2022-02-08,7804588,7405923,5030323,19656102,7804492
409,2022-02-09,7808296,7416139,5057492,19697211,7808200
410,2022-02-10,7812078,7425732,5080680,19733901,7811981
411,2022-02-11,7815874,7435749,5103292,19770450,7815775
412,2022-02-12,7819933,7447991,5128194,19811901,7819834
413,2022-02-13,7820844,7450139,5135594,19822367,7820745
414,2022-02-14,7823674,7455232,5153170,19847596,7823574
415,2022-02-15,7827412,7461371,5171756,19875988,7827310
416,2022-02-16,7831029,7467056,5187125,19900702,7830924
417,2022-02-17,7834210,7473202,5200878,19923836,7834105
418,2022-02-18,7837424,7480288,5214606,19947823,7837319
419,2022-02-19,7840930,7489548,5230293,19976469,7840825
420,2022-02-20,7841589,7491209,5234504,19982991,7841484
421,2022-02-21,7843860,7496441,5249358,20004983,7843755
422,2022-02-22,7846737,7503755,5264600,20030286,7846631
423,2022-02-23,7849249,7510459,5277297,20052184,7849143
424,2022-02-24,7851243,7516190,5288741,20071431,7851136
425,2022-02-25,7853656,7522128,5301583,20092692,7853547
426,2022-02-26,7856442,7530140,5317201,20119267,7856332
427,2022-02-27,7857005,7531579,5321493,20125573,7856895
428,2022-02-28,7859028,7536593,5336400,20147246,7858917
429,2022-03-01,7861204,7540102,5349957,20166431,7861093
430,2022-03-02,7863086,7542618,5359595,20180468,7862972
431,2022-03-03,7865266,7545476,5371293,20197334,7865151
432,2022-03-04,7867064,7548112,5381241,20211767,7866947
433,2022-03-05,7869472,7551492,5393028,20229483,7869354
434,2022-03-06,7869854,7551983,5395789,20233125,7869736
435,2022-03-07,7869879,7552026,5395838,20233243,7869761
436,2022-03-08,7871421,7554569,5404149,20245734,7871300
437,2022-03-09,7874240,7557849,5415898,20263362,7874118
438,2022-03-10,7876309,7560823,5427677,20280234,7876187
439,2022-03-11,7877743,7563270,5436779,20293254,7877619
440,2022-03-12,7879485,7567086,5449036,20311201,7879361
441,2022-03-13,7879765,7567630,5451605,20314595,7879640
442,2022-03-14,7880835,7569124,5459405,20324765,7880710
443,2022-03-15,7882217,7571382,5470592,20339677,7882091
444,2022-03-16,7883958,7573184,5479593,20352306,7883832
445,2022-03-17,7885392,7575235,5489909,20366298,7885266
446,2022-03-18,7886698,7577174,5499741,20379512,7886571
447,2022-03-19,7888356,7580073,5512480,20396984,7888229
448,2022-03-20,7888688,7580525,5515449,20400742,7888561
449,2022-03-21,7889682,7581901,5524099,20411638,7889555
450,2022-03-22,7890933,7583726,5535898,20426618,7890806
451,2022-03-23,7892181,7585290,5546417,20440087,7892053
452,2022-03-24,7893330,7587020,5557165,20453871,7893201
453,2022-03-25,7893634,7587448,5560343,20457789,7893505
454,2022-03-26,7894515,7589361,5569355,20469746,7894386
455,2022-03-27,7894708,7589710,5572111,20473051,7894579
456,2022-03-28,7895632,7591051,5585861,20488988,7895503
457,2022-03-29,7896497,7592528,5597665,20503242,7896367
458,2022-03-30,7897474,7594425,5609554,20518119,7897344
459,2022-03-31,7898452,7596169,5624506,20536009,7898322
460,2022-04-01,7899474,7597414,5638527,20552484,7899341
461,2022-04-02,7900582,7598938,5651997,20568737,7900447
462,2022-04-03,7900597,7598953,5652154,20568925,7900462
463,2022-04-04,7901495,7600110,5665145,20583925,7901360
464,2022-04-05,7902135,7601097,5672920,20593525,7902000
465,2022-04-06,7902854,7602389,5679547,20602265,7902719
466,2022-04-07,7903544,7603566,5688228,20613257,7903409
467,2022-04-08,7904086,7604495,5694403,20622452,7903951
468,2022-04-09,7904634,7605639,5698713,20629834,7904499
469,2022-04-10,7904656,7605657,5698784,20630002,7904521
470,2022-04-11,7905342,7606563,5703914,20641181,7905207
471,2022-04-12,7905835,7607217,5713435,20651835,7905700
472,2022-04-13,7906387,7608094,5722417,20662218,7906252
473,2022-04-14,7906938,7609063,5743453,20684740,7906803
474,2022-04-15,7907375,7609671,5759447,20701755,7907240
475,2022-04-16,7907813,7610555,5776143,20719768,7907678
476,2022-04-17,7907828,7610571,5776307,20719961,7907693
477,2022-04-18,7908291,7611333,5796653,20741371,7908156
478,2022-04-19,7908694,7612071,5819587,20765426,7908559
479,2022-04-20,7909040,7612681,5833177,20779924,7908905
480,2022-04-21,7909370,7613280,5847018,20794680,7909235
481,2022-04-22,7909383,7613298,5847120,20794812,7909248
482,2022-04-23,7909396,7613315,5847164,20794878,7909261
483,2022-04-24,7909401,7613317,5847171,20794891,7909266
484,2022-04-25,7909406,7613320,5847197,20794924,7909271
485,2022-04-26,7909746,7614025,5862452,20811136,7909611
486,2022-04-27,7910094,7614973,5877128,20827073,7909959
487,2022-04-28,7910333,7615643,5894847,20845692,7910198
488,2022-04-29,7910774,7616342,5906309,20858278,7910639
489,2022-04-30,7911028,7617186,5916351,20869413,7910893
490,2022-05-01,7911039,7617200,5916488,20869575,7910904
491,2022-05-02,7911046,7617207,5916554,20869655,7910911
492,2022-05-03,7911386,7617799,5924398,20878288,7911251
493,2022-05-04,7911624,7618354,5935292,20889941,7911489
494,2022-05-05,7911801,7618791,5949355,20904597,7911666
495,2022-05-06,7911984,7619191,5959428,20915240,7911849
496,2022-05-07,7912179,7619722,5966090,20922627,7912044
497,2022-05-08,7912186,7619735,5966326,20922881,7912051
498,2022-05-09,7912403,7620084,5972366,20929395,7912268
499,2022-05-10,7912605,7620456,5978197,20935787,7912470
500,2022-05-11,7912839,7620823,5984006,20942182,7912704
501,2022-05-12,7913056,7621273,5991968,20950804,7912921
502,2022-05-13,7913211,7621594,5996822,20956127,7913076
503,2022-05-14,7913261,7621665,5998041,20957465,7913126
504,2022-05-15,7913264,7621671,5998205,20957637,7913129
505,2022-05-16,7913487,7622000,6003712,20963596,7913352
506,2022-05-17,7913656,7622218,6009459,20969724,7913521
507,2022-05-18,7913882,7622530,6014202,20974956,7913747
508,2022-05-19,7914086,7622813,6019619,20980850,7913951
509,2022-05-20,7914273,7623096,6023079,20984775,7914138
510,2022-05-21,7914313,7623136,6023828,20985598,7914178
511,2022-05-22,7914315,7623142,6023942,20985720,7914180
512,2022-05-23,7914532,7623393,6028820,20990984,7914396
513,2022-05-24,7914689,7623600,6033600,20996111,7914553
514,2022-05-25,7914903,7623876,6037082,21000076,7914767
515,2022-05-26,7915092,7624121,6041343,21004761,7914956
516,2022-05-27,7915197,7624386,6044038,21007816,7915061
517,2022-05-28,7915220,7624443,6044762,21008619,7915084
518,2022-05-29,7915225,7624458,6044843,21008718,7915089
519,2022-05-30,7915401,7624679,6048894,21013103,7915265
520,2022-05-31,7915562,7624898,6053134,21017697,7915426
521,2022-06-01,7915845,7625191,6056150,21021223,7915709
522,2022-06-02,7916026,7625434,6059383,21024864,7915890
523,2022-06-03,7916177,7625635,6061557,21027378,7916041
524,2022-06-04,7916194,7625661,6062064,21027927,7916058
525,2022-06-05,7916204,7625666,6062108,21027982,7916068
526,2022-06-06,7916406,7625882,6065542,21031755,7916270
527,2022-06-07,7916599,7626066,6068977,21035548,7916463
528,2022-06-08,7916816,7626246,6071425,21038379,7916680
529,2022-06-09,7916983,7626464,6074087,21041416,7916847
530,2022-06-10,7917106,7626619,6076095,21043695,7916970
531,2022-06-11,7917125,7626637,6076510,21044147,7916989
532,2022-06-12,7917136,7626642,6076541,21044191,7917000
533,2022-06-13,7917157,7626652,6076577,21044256,7917021
534,2022-06-14,7917316,7626798,6079368,21047349,7917180
535,2022-06-15,7917482,7626995,6081322,21049656,7917346
536,2022-06-16,7917633,7627196,6083447,21052128,7917497
537,2022-06-17,7917762,7627359,6085530,21054496,7917626
538,2022-06-18,7917786,7627376,6085895,21054900,7917650
539,2022-06-19,7917788,7627377,6085927,21054935,7917652
540,2022-06-20,7918074,7627659,6089778,21059250,7917938
541,2022-06-21,7918254,7627835,6093594,21063401,7918118
542,2022-06-22,7918412,7628037,6096583,21066742,7918276
543,2022-06-23,7918564,7628286,6100075,21070630,7918428
544,2022-06-24,7918701,7628463,6103550,21074407,7918564
545,2022-06-25,7918730,7628490,6104239,21075147,7918593
546,2022-06-26,7918734,7628493,6104327,21075242,7918597
547,2022-06-27,7918912,7628696,6109363,21080593,7918774
548,2022-06-28,7919100,7628872,6114901,21086486,7918960
549,2022-06-29,7919254,7629060,6119231,21091153,7919114
550,2022-06-30,7919415,7629235,6125168,21097421,7919273
551,2022-07-01,7919542,7629409,6129900,21102439,7919400
552,2022-07-02,7919573,7629439,6131044,21103641,7919431
553,2022-07-03,7919580,7629445,6131104,21103711,7919438
554,2022-07-04,7919782,7629652,6138379,21111318,7919640
555,2022-07-05,7920012,7629892,6147112,21120501,7919870
556,2022-07-06,7920214,7630068,6153833,21127585,7920072
557,2022-07-07,7920451,7630281,6163494,21137686,7920309
558,2022-07-08,7920596,7630454,6168895,21143399,7920454
559,2022-07-09,7920635,7630498,6169990,21144574,7920493
560,2022-07-10,7920638,7630503,6170039,21144631,7920496
561,2022-07-11,7920852,7630711,6177209,21152133,7920710
562,2022-07-12,7921031,7630897,6185511,21160792,7920888
563,2022-07-13,7921232,7631081,6192109,21167770,7921089
564,2022-07-14,7921431,7631307,6201247,21177323,7921288
565,2022-07-15,7921569,7631445,6206789,21183133,7921426
566,2022-07-16,7921586,7631461,6207682,21184059,7921443
567,2022-07-17,7921588,7631462,6207726,21184105,7921445
568,2022-07-18,7921754,7631668,6214346,21191039,7921611
569,2022-07-19,7921909,7631827,6222028,21199022,7921766
570,2022-07-20,7922119,7631995,6227639,21205005,7921976
571,2022-07-21,7922279,7632155,6234915,21212598,7922135
572,2022-07-22,7922400,7632261,6239274,21217177,7922256
573,2022-07-23,7922427,7632282,6239814,21217762,7922283
574,2022-07-24,7922435,7632289,6239855,21217816,7922291
575,2022-07-25,7922623,7632457,6246000,21224260,7922479
576,2022-07-26,7922781,7632585,6252569,21231105,7922637
577,2022-07-27,7922946,7632738,6257177,21236025,7922802
578,2022-07-28,7923140,7632884,6263168,21242345,7922996
579,2022-07-29,7923275,7633009,6267156,21246584,7923131
580,2022-07-30,7923295,7633029,6267567,21247033,7923151
581,2022-07-31,7923296,7633031,6267586,21247055,7923152
582,2022-08-01,7923459,7633158,6273317,21253028,7923314
583,2022-08-02,7923612,7633283,6279156,21259139,7923467
584,2022-08-03,7923760,7633438,6283075,21263339,7923615
585,2022-08-04,7923956,7633613,6288597,21269184,7923811
586,2022-08-05,7924056,7633688,6291953,21272710,7923911
587,2022-08-06,7924081,7633699,6292190,21272982,7923936
588,2022-08-07,7924083,7633701,6292215,21273010,7923938
589,2022-08-08,7924200,7633852,6297521,21278515,7924055
590,2022-08-09,7924284,7633971,6303093,21284280,7924138
591,2022-08-10,7924376,7634074,6306235,21287608,7924230
592,2022-08-11,7924472,7634168,6310863,21292422,7924326
593,2022-08-12,7924552,7634256,6313232,21294945,7924406
594,2022-08-13,7924564,7634271,6313423,21295162,7924418
595,2022-08-14,7924570,7634276,6313456,21295206,7924424
596,2022-08-15,7924572,7634278,6313461,21295215,7924426
597,2022-08-16,7924640,7634361,6316826,21298729,7924494
598,2022-08-17,7924727,7634469,6318655,21300748,7924581
599,2022-08-18,7924830,7634567,6321711,21304002,7924684
600,2022-08-19,7924918,7634675,6323520,21306002,7924772
601,2022-08-20,7924932,7634684,6323699,21306204,7924786
602,2022-08-21,7924936,7634686,6323727,21306237,7924790
603,2022-08-22,7925128,7634883,6327966,21310766,7924982
604,2022-08-23,7925251,7634997,6331457,21314485,7925105
605,2022-08-24,7925323,7635095,6333383,21316575,7925177
606,2022-08-25,7925488,7635245,6336127,21319622,7925342
607,2022-08-26,7925594,7635349,6338240,21321937,7925448
608,2022-08-27,7925601,7635359,6338401,21322113,7925455
609,2022-08-28,7925604,7635362,6338444,21322162,7925458
610,2022-08-29,7925790,7635523,6342123,21326131,7925644
611,2022-08-30,7925925,7635662,6345582,21329855,7925779
612,2022-08-31,7926024,7635790,6347853,21332343,7925878
613,2022-09-01,7926179,7635913,6350590,21335349,7926032
614,2022-09-02,7926225,7636031,6352312,21337233,7926078
615,2022-09-03,7926261,7636049,6352523,21337494,7926114
616,2022-09-04,7926266,7636052,6352575,21337553,7926119
617,2022-09-05,7926450,7636212,6355658,21340922,7926303
618,2022-09-06,7926530,7636314,6358696,21344131,7926383
619,2022-09-07,7926599,7636411,6360797,21346388,7926450
620,2022-09-08,7926692,7636557,6363164,21348987,7926543
621,2022-09-09,7926769,7636662,6364811,21350807,7926620
622,2022-09-10,7926805,7636687,6365020,21351070,7926656
623,2022-09-11,7926807,7636691,6365048,21351104,7926658
624,2022-09-12,7926968,7636881,6367835,21354138,7926818
625,2022-09-13,7927041,7636979,6369930,21356402,7926891
626,2022-09-14,7927188,7637083,6372069,21358788,7927038
627,2022-09-15,7927305,7637187,6377251,21364180,7927155
628,2022-09-16,7927395,7637278,6381651,21368761,7927245
629,2022-09-17,7927421,7637296,6382027,21369180,7927271
630,2022-09-18,7927423,7637297,6382040,21369196,7927273
631,2022-09-19,7927562,7637447,6387178,21374548,7927412
632,2022-09-20,7927672,7637552,6395574,21383153,7927522
633,2022-09-21,7927745,7637639,6399629,21387352,7927595
634,2022-09-22,7927926,7637824,6406950,21394969,7927776
635,2022-09-23,7928013,7637936,6411857,21400041,7927863
636,2022-09-24,7928022,7637946,6412233,21400435,7927872
637,2022-09-25,7928024,7637948,6412259,21400465,7927874
638,2022-09-26,7928162,7638102,6416681,21405124,7928012
639,2022-09-27,7928304,7638256,6423462,21412151,7928154
640,2022-09-28,7928411,7638340,6426532,21415408,7928261
641,2022-09-29,7928502,7638460,6430864,21419945,7928351
642,2022-09-30,7928568,7638543,6433457,21422686,7928417
643,2022-10-01,7928574,7638552,6433503,21422745,7928423
644,2022-10-02,7928574,7638553,6433536,21422779,7928423
645,2022-10-03,7928622,7638596,6439079,21428403,7928471
646,2022-10-04,7928716,7638683,6451178,21440682,7928565
647,2022-10-05,7928778,7638750,6458815,21448442,7928627
648,2022-10-06,7928856,7638833,6471414,21461196,7928705
649,2022-10-07,7928955,7638929,6481865,21471833,7928804
650,2022-10-08,7928966,7638938,6482934,21472921,7928815
651,2022-10-09,7928967,7638939,6482978,21472967,7928816
652,2022-10-10,7929134,7639103,6492429,21482656,7928983
653,2022-10-11,7929193,7639164,6507909,21498250,7929042
654,2022-10-12,7929252,7639266,6516937,21507436,7929101
655,2022-10-13,7929311,7639319,6530632,21521240,7929160
656,2022-10-14,7929356,7639371,6542234,21532934,7929205
657,2022-10-15,7929363,7639383,6543429,21534147,7929212
658,2022-10-16,7929364,7639383,6543511,21534230,7929213
659,2022-10-17,7929416,7639436,6553059,21543875,7929265
660,2022-10-18,7929525,7639562,6569243,21560290,7929373
661,2022-10-19,7929592,7639640,6578905,21570096,7929440
662,2022-10-20,7929683,7639757,6594282,21585665,7929531
663,2022-10-21,7929759,7639838,6606664,21598199,7929607
664,2022-10-22,7929767,7639848,6607912,21599465,7929615
665,2022-10-23,7929776,7639853,6608065,21599632,7929624
666,2022-10-24,7929971,7640039,6618526,21610374,7929819
667,2022-10-25,7930005,7640074,6637024,21628937,7929853
668,2022-10-26,7930070,7640148,6645090,21637137,7929918
669,2022-10-27,7930118,7640228,6659591,21651759,7929966
670,2022-10-28,7930122,7640233,6659732,21651908,7929970
671,2022-10-29,7930126,7640238,6660703,21652888,7929974
672,2022-10-30,7930130,7640242,6660750,21652943,7929978
673,2022-10-31,7930171,7640281,6668031,21660301,7930019
674,2022-11-01,7930268,7640372,6682758,21675214,7930116
675,2022-11-02,7930326,7640443,6692125,21684709,7930174
676,2022-11-03,7930370,7640512,6706784,21699479,7930218
677,2022-11-04,7930429,7640595,6718206,21711039,7930277
678,2022-11-05,7930445,7640607,6721157,21714017,7930293
679,2022-11-06,7930449,7640609,6721504,21714370,7930297
680,2022-11-07,7930631,7640775,6729495,21722638,7930478
681,2022-11-08,7930682,7640818,6744442,21737670,7930529
682,2022-11-09,7930698,7640842,6753561,21746827,7930545
683,2022-11-10,7930740,7640905,6766252,21759618,7930587
684,2022-11-11,7930758,7640945,6775727,21769149,7930605
685,2022-11-12,7930769,7640964,6778027,21771477,7930616
686,2022-11-13,7930769,7640964,6778295,21771745,7930616
687,2022-11-14,7930824,7641016,6785198,21778749,7930671
688,2022-11-15,7930914,7641114,6798178,21791914,7930761
689,2022-11-16,7930962,7641172,6806567,21800408,7930809
690,2022-11-17,7931023,7641249,6818532,21812507,7930870
691,2022-11-18,7931102,7641314,6826832,21820951,7930949
692,2022-11-19,7931120,7641326,6828976,21823125,7930967
693,2022-11-20,7931123,7641326,6829249,21823401,7930970
694,2022-11-21,7931263,7641461,6835674,21830039,7931110
695,2022-11-22,7931302,7641504,6847715,21842154,7931149
696,2022-11-23,7931354,7641547,6855056,21849581,7931201
697,2022-11-24,7931408,7641589,6865680,21860301,7931255
698,2022-11-25,7931448,7641617,6873126,21867813,7931295
699,2022-11-26,7931461,7641632,6874843,21869556,7931308
700,2022-11-27,7931462,7641633,6875041,21869756,7931309
701,2022-11-28,7931485,7641662,6880753,21875519,7931332
702,2022-11-29,7931559,7641757,6891462,21886395,7931405
703,2022-11-30,7931592,7641790,6897726,21892721,7931438
704,2022-12-01,7931636,7641824,6906999,21902070,7931482
705,2022-12-02,7931698,7641893,6914051,21909250,7931544
706,2022-12-03,7931715,7641904,6915595,21910819,7931561
707,2022-12-04,7931717,7641906,6915770,21910998,7931563
708,2022-12-05,7931821,7642014,6921324,21916721,7931667
709,2022-12-06,7931852,7642051,6930819,21926275,7931698
710,2022-12-07,7931889,7642081,6936921,21932442,7931735
711,2022-12-08,7931912,7642112,6946681,21942254,7931758
712,2022-12-09,7931947,7642158,6953429,21949080,7931793
713,2022-12-10,7931955,7642170,6955039,21950708,7931801
714,2022-12-11,7931957,7642172,6955186,21950857,7931803
715,2022-12-12,7931978,7642201,6960296,21956017,7931824
716,2022-12-13,7932035,7642275,6969464,21965315,7931881
717,2022-12-14,7932077,7642331,6974858,21970806,7931923
718,2022-12-15,7932117,7642376,6983115,21979145,7931963
719,2022-12-16,7932177,7642430,6988746,21984888,7932023
720,2022-12-17,7932181,7642439,6990124,21986279,7932027
721,2022-12-18,7932182,7642440,6990299,21986456,7932028
722,2022-12-19,7932296,7642567,6994279,21990619,7932142
723,2022-12-20,7932326,7642608,7000853,21997257,7932171
724,2022-12-21,7932361,7642633,7004306,22000765,7932206
725,2022-12-22,7932379,7642654,7008278,22004775,7932224
726,2022-12-23,7932407,7642687,7010397,22006951,7932251
727,2022-12-24,7932413,7642693,7010619,22007185,7932257
728,2022-12-25,7932413,7642694,7010636,22007203,7932257
729,2022-12-26,7932413,7642694,7010655,22007222,7932257
730,2022-12-27,7932449,7642735,7013422,22010064,7932293
731,2022-12-28,7932479,7642771,7015625,22012331,7932323
732,2022-12-29,7932509,7642801,7018650,22015415,7932353
733,2022-12-30,7932544,7642842,7020160,22017001,7932388
734,2022-12-31,7932551,7642847,7020281,22017133,7932395
735,2023-01-01,7932552,7642848,7020300,22017153,7932396
736,2023-01-02,7932622,7642934,7021584,22018562,7932466
737,2023-01-03,7932645,7642958,7025070,22022083,7932489
738,2023-01-04,7932672,7642980,7027838,22024898,7932516
739,2023-01-05,7932701,7643017,7032955,22030075,7932545
740,2023-01-06,7932713,7643031,7033667,22030813,7932557
741,2023-01-07,7932714,7643032,7033731,22030879,7932558
742,2023-01-08,7932717,7643035,7033764,22030918,7932561
743,2023-01-09,7932747,7643072,7037066,22034283,7932591
744,2023-01-10,7932797,7643124,7044977,22042291,7932641
745,2023-01-11,7932842,7643164,7049351,22046745,7932686
746,2023-01-12,7932874,7643199,7056162,22053622,7932718
747,2023-01-13,7932931,7643271,7061276,22058860,7932775
748,2023-01-14,7932946,7643289,7061972,22059587,7932790
749,2023-01-15,7932948,7643293,7061994,22059615,7932792
750,2023-01-16,7933084,7643452,7065391,22063216,7932928
751,2023-01-17,7933109,7643476,7071249,22069110,7932953
752,2023-01-18,7933154,7643518,7074294,22072217,7932998
753,2023-01-19,7933188,7643556,7078743,22076735,7933032
754,2023-01-20,7933215,7643592,7081657,22079709,7933059
755,2023-01-21,7933219,7643604,7082061,22080129,7933063
756,2023-01-22,7933219,7643604,7082073,22080141,7933063
757,2023-01-23,7933246,7643630,7083838,22081958,7933090
758,2023-01-24,7933293,7643664,7086988,22085185,7933137
759,2023-01-25,7933339,7643698,7088589,22086858,7933183
760,2023-01-26,7933382,7643726,7090759,22089098,7933226
761,2023-01-27,7933421,7643768,7092148,22090568,7933265
762,2023-01-28,7933440,7643785,7092381,22090834,7933284
763,2023-01-29,7933440,7643785,7092381,22090834,22090834
764,2023-01-30,7933515,7643882,7093447,22092024,7933359
765,2023-01-31,7933546,7643899,7095265,22093887,7933390
766,2023-02-01,7933574,7643923,7096315,22094988,7933418
767,2023-02-02,7933607,7643934,7098040,22096757,7933450
768,2023-02-03,7933637,7643954,7099240,22098007,7933480
769,2023-02-04,7933646,7643957,7099379,22098157,7933489
770,2023-02-05,7933647,7643958,7099387,22098167,7933490
771,2023-02-06,7933664,7643968,7099824,22098630,7933507
772,2023-02-07,7933689,7643998,7100716,22099577,7933532
773,2023-02-08,7933712,7644020,7101283,22100187,7933555
774,2023-02-09,7933739,7644036,7102299,22101246,7933582
775,2023-02-10,7933762,7644055,7102961,22101950,7933605
776,2023-02-11,7933767,7644060,7103071,22102070,7933610
777,2023-02-12,7933767,7644060,7103105,22102104,7933610
778,2023-02-13,7933811,7644116,7103642,22102714,7933654
779,2023-02-14,7933838,7644131,7104667,22103775,7933681
780,2023-02-15,7933847,7644143,7105199,22104328,7933690
781,2023-02-16,7933870,7644160,7105968,22105136,7933713
782,2023-02-17,7933894,7644182,7106525,22105735,7933737
783,2023-02-18,7933903,7644185,7106628,22105849,7933746
784,2023-02-19,7933903,7644186,7106633,22105855,7933746
785,2023-02-20,7933923,7644193,7107078,22106326,7933766
786,2023-02-21,7933942,7644209,7107931,22107213,7933785
787,2023-02-22,7933955,7644233,7108450,22107768,7933798
788,2023-02-23,7933982,7644250,7109149,22108510,7933825
789,2023-02-24,7934009,7644276,7109615,22109026,7933852
790,2023-02-25,7934014,7644284,7109680,22109103,7933857
791,2023-02-26,7934014,7644284,7109686,22109109,7933857
792,2023-02-27,7934015,7644286,7109699,22109125,7933858
793,2023-02-28,7934038,7644313,7110204,22109677,7933881
794,2023-03-01,7934062,7644336,7110562,22110078,7933905
795,2023-03-02,7934084,7644354,7111177,22110736,7933927
796,2023-03-03,7934130,7644398,7111542,22111171,7933973
797,2023-03-04,7934133,7644398,7111610,22111242,7933976
798,2023-03-05,7934134,7644399,7111650,22111284,7933977
799,2023-03-06,7934200,7644470,7112005,22111733,7934043
800,2023-03-07,7934226,7644491,7112506,22112278,7934069
801,2023-03-08,7934245,7644512,7112763,22112569,7934088
802,2023-03-09,7934276,7644538,7113266,22113115,7934119
803,2023-03-10,7934311,7644568,7113614,22113526,7934154
804,2023-03-11,7934317,7644575,7113668,22113592,7934160
805,2023-03-12,7934317,7644575,7113668,22113592,7934160
806,2023-03-13,7934340,7644610,7113936,22113917,7934183
807,2023-03-14,7934357,7644631,7114371,22114387,7934200
808,2023-03-15,7934371,7644643,7114608,22114648,7934214
809,2023-03-16,7934385,7644673,7114990,22115078,7934228
810,2023-03-17,7934405,7644700,7115295,22115442,7934248
811,2023-03-18,7934410,7644706,7115333,22115488,7934253
812,2023-03-19,7934412,7644708,7115339,22115497,7934255
813,2023-03-20,7934477,7644772,7115542,22115771,7934320
814,2023-03-21,7934525,7644812,7115955,22116265,7934368
815,2023-03-22,7934543,7644835,7116199,22116547,7934386
816,2023-03-23,7934562,7644858,7116600,22116987,7934405
817,2023-03-24,7934586,7644887,7116760,22117194,7934429
818,2023-03-25,7934587,7644888,7116788,22117224,7934430
819,2023-03-26,7934587,7644889,7116794,22117231,7934430
820,2023-03-27,7934609,7644905,7116956,22117428,7934452
821,2023-03-28,7934630,7644922,7117195,22117703,7934473
822,2023-03-29,7934640,7644937,7117362,22117893,7934483
823,2023-03-30,7934657,7644956,7117676,22118246,7934500
824,2023-03-31,7934676,7644993,7117837,22118472,7934519
825,2023-04-01,7934686,7644994,7117854,22118500,7934529
826,2023-04-02,7934686,7644996,7117856,22118504,7934529
827,2023-04-03,7934732,7645030,7117989,22118689,7934575
828,2023-04-04,7934764,7645046,7118222,22118969,7934607
829,2023-04-05,7934783,7645065,7118381,22119161,7934626
830,2023-04-06,7934807,7645078,7118560,22119375,7934650
831,2023-04-07,7934827,7645082,7118708,22119547,7934670
832,2023-04-08,7934827,7645082,7118708,22119547,7934670
833,2023-04-09,7934827,7645082,7118714,22119553,7934670
834,2023-04-10,7934852,7645106,7118797,22119685,7934695
835,2023-04-11,7934864,7645112,7118947,22119853,7934707
836,2023-04-12,7934883,7645129,7119018,22119957,7934726
837,2023-04-13,7934906,7645141,7119096,22120071,7934749
838,2023-04-14,7934906,7645142,7119102,22120078,7934749
839,2023-04-15,7934907,7645143,7119102,22120079,7934750
840,2023-04-16,7934907,7645143,7119102,22120079,7934750
841,2023-04-17,7934907,7645143,7119103,22120080,7934750
842,2023-04-18,7934917,7645163,7119168,22120175,7934760
843,2023-04-19,7934929,7645173,7119241,22120269,7934772
844,2023-04-20,7934950,7645186,7119353,22120416,7934793
845,2023-04-21,7934969,7645203,7119419,22120518,7934812
846,2023-04-22,7934971,7645204,7119420,22120521,7934814
847,2023-04-23,7934971,7645204,7119420,22120521,7934814
848,2023-04-24,7935003,7645219,7119528,22120676,7934846
849,2023-04-25,7935021,7645238,7119684,22120864,7934864
850,2023-04-26,7935031,7645255,7119792,22120998,7934874
851,2023-04-27,7935045,7645272,7119963,22121205,7934888
852,2023-04-28,7935071,7645311,7120049,22121348,7934914
853,2023-04-29,7935071,7645311,7120049,22121348,7934914
854,2023-04-30,7935071,7645311,7120065,22121364,7934914
855,2023-05-01,7935072,7645311,7120070,22121370,7934915
856,2023-05-02,7935082,7645329,7120150,22121478,7934925
857,2023-05-03,7935107,7645349,7120253,22121617,7934950
858,2023-05-04,7935107,7645349,7120253,22121617,7934950
859,2023-05-05,7935194,7645421,7120441,22121939,7935036
860,2023-05-06,7935200,7645428,7120450,22121958,7935042
861,2023-05-07,7935200,7645428,7120455,22121963,7935042
862,2023-05-08,7935217,7645445,7120541,22122083,7935059
863,2023-05-09,7935228,7645461,7120659,22122225,7935070
864,2023-05-10,7935235,7645469,7120739,22122319,7935077
865,2023-05-11,7935263,7645482,7120883,22122508,7935105
866,2023-05-12,7935276,7645492,7120933,22122583,7935118
867,2023-05-13,7935278,7645493,7120934,22122587,7935120
868,2023-05-14,7935279,7645494,7120946,22122601,7935121
869,2023-05-15,7935325,7645530,7121022,22122732,7935166
870,2023-05-16,7935332,7645551,7121134,22122872,7935173
871,2023-05-17,7935342,7645562,7121201,22122960,7935183
872,2023-05-18,7935356,7645572,7121316,22123098,7935197
873,2023-05-19,7935368,7645589,7121358,22123168,7935209
874,2023-05-20,7935371,7645591,7121361,22123176,7935212
875,2023-05-21,7935372,7645592,7121361,22123177,7935213
876,2023-05-22,7935394,7645609,7121408,22123263,7935235
877,2023-05-23,7935402,7645619,7121494,22123367,7935243
878,2023-05-24,7935412,7645631,7121546,22123442,7935253
879,2023-05-25,7935427,7645653,7121616,22123550,7935268
880,2023-05-26,7935442,7645668,7121656,22123618,7935283
881,2023-05-27,7935443,7645669,7121656,22123620,7935284
882,2023-05-28,7935443,7645669,7121658,22123622,7935284
883,2023-05-29,7935469,7645698,7121700,22123710,7935310
884,2023-05-30,7935483,7645715,7121799,22123839,7935324
885,2023-05-31,7935490,7645722,7121832,22123886,7935331
886,2023-06-01,7935510,7645730,7121922,22124004,7935351
887,2023-06-02,7935529,7645738,7121961,22124064,7935370
888,2023-06-03,7935529,7645738,7121964,22124067,7935370
889,2023-06-04,7935530,7645738,7121965,22124069,7935371
890,2023-06-05,7935530,7645738,7121966,22124070,7935371
891,2023-06-06,7935536,7645742,7122030,22124144,7935377
892,2023-06-07,7935550,7645751,7122079,22124216,7935391
893,2023-06-08,7935564,7645763,7122161,22124325,7935405
894,2023-06-09,7935574,7645774,7122200,22124385,7935415
895,2023-06-10,7935574,7645774,7122201,22124386,7935415
896,2023-06-11,7935574,7645774,7122201,22124386,7935415
897,2023-06-12,7935594,7645808,7122261,22124490,7935435
898,2023-06-13,7935603,7645816,7122321,22124568,7935444
899,2023-06-14,7935607,7645820,7122353,22124607,7935448
900,2023-06-15,7935616,7645825,7122406,22124674,7935457
901,2023-06-16,7935636,7645842,7122430,22124732,7935477
902,2023-06-17,7935637,7645843,7122433,22124737,7935478
903,2023-06-18,7935637,7645843,7122433,22124737,7935478
904,2023-06-19,7935647,7645853,7122458,22124782,7935487
905,2023-06-20,7935663,7645868,7122531,22124882,7935503
906,2023-06-21,7935673,7645880,7122566,22124938,7935513
907,2023-06-22,7935678,7645894,7122628,22125019,7935518
908,2023-06-23,7935685,7645901,7122645,22125048,7935525
909,2023-06-24,7935686,7645902,7122646,22125051,7935526
910,2023-06-25,7935686,7645902,7122646,22125051,7935526
911,2023-06-26,7935703,7645924,7122671,22125105,7935543
912,2023-06-27,7935718,7645939,7122707,22125168,7935558
913,2023-06-28,7935726,7645948,7122728,22125205,7935566
914,2023-06-29,7935741,7645972,7122784,22125300,7935581
915,2023-06-30,7935747,7645984,7122802,22125336,7935587
916,2023-07-01,7935748,7645985,7122803,22125339,7935588
917,2023-07-02,7935748,7645985,7122803,22125339,7935588
918,2023-07-03,7935757,7645992,7122825,22125377,7935596
919,2023-07-04,7935771,7646009,7122868,22125450,7935610
920,2023-07-05,7935787,7646019,7122898,22125505,7935626
921,2023-07-06,7935800,7646036,7122928,22125565,7935639
922,2023-07-07,7935811,7646050,7122948,22125611,7935650
923,2023-07-08,7935812,7646050,7122958,22125622,7935651
924,2023-07-09,7935813,7646050,7122958,22125623,7935652
925,2023-07-10,7935838,7646079,7122981,22125684,7935676
926,2023-07-11,7935850,7646092,7123007,22125734,7935688
927,2023-07-12,7935866,7646109,7123053,22125813,7935704
928,2023-07-13,7935883,7646116,7123068,22125851,7935721
929,2023-07-14,7935891,7646124,7123092,22125889,7935729
930,2023-07-15,7935892,7646124,7123092,22125890,7935730
931,2023-07-16,7935892,7646124,7123092,22125890,7935730
932,2023-07-17,7935904,7646135,7123108,22125929,7935742
933,2023-07-18,7935920,7646151,7123132,22125984,7935758
934,2023-07-19,7935927,7646158,7123146,22126011,7935765
935,2023-07-20,7935934,7646163,7123164,22126039,7935772
936,2023-07-21,7935949,7646175,7123184,22126086,7935787
937,2023-07-22,7935949,7646175,7123184,22126086,7935787
938,2023-07-23,7935951,7646177,7123184,22126088,7935789
939,2023-07-24,7935968,7646194,7123207,22126132,7935806
940,2023-07-25,7935972,7646203,7123226,22126163,7935810
941,2023-07-26,7935975,7646205,7123229,22126171,7935813
942,2023-07-27,7935988,7646217,7123267,22126234,7935826
943,2023-07-28,7936002,7646232,7123326,22126322,7935840
944,2023-07-29,7936003,7646233,7123329,22126327,7935841
945,2023-07-30,7936003,7646233,7123329,22126327,7935841
946,2023-07-31,7936018,7646242,7123335,22126356,7935856
947,2023-08-01,7936029,7646251,7123359,22126400,7935867
948,2023-08-02,7936038,7646258,7123376,22126432,7935876
949,2023-08-03,7936049,7646264,7123398,22126471,7935887
950,2023-08-04,7936058,7646273,7123405,22126498,7935896
951,2023-08-05,7936059,7646274,7123405,22126500,7935897
952,2023-08-06,7936059,7646274,7123405,22126500,7935897
953,2023-08-07,7936067,7646280,7123432,22126540,7935905
954,2023-08-08,7936081,7646288,7123455,22126583,7935918
955,2023-08-09,7936094,7646294,7123472,22126619,7935931
956,2023-08-10,7936096,7646298,7123492,22126645,7935933
957,2023-08-11,7936105,7646304,7123508,22126676,7935942
958,2023-08-12,7936107,7646304,7123508,22126678,7935944
959,2023-08-13,7936107,7646304,7123508,22126678,7935944
960,2023-08-14,7936116,7646308,7123522,22126705,7935952
961,2023-08-15,7936116,7646308,7123522,22126705,7935952
962,2023-08-16,7936119,7646308,7123528,22126714,7935955
963,2023-08-17,7936129,7646317,7123556,22126762,7935965
964,2023-08-18,7936137,7646323,7123573,22126793,7935973
965,2023-08-19,7936137,7646323,7123574,22126794,7935973
966,2023-08-20,7936137,7646323,7123586,22126806,7935973
967,2023-08-21,7936143,7646327,7123599,22126829,7935979
968,2023-08-22,7936150,7646337,7123628,22126875,7935986
969,2023-08-23,7936156,7646345,7123651,22126912,7935992
970,2023-08-24,7936159,7646347,7123671,22126937,7935995
971,2023-08-25,7936169,7646352,7123687,22126966,7936005
972,2023-08-26,7936169,7646352,7123687,22126966,7936005
973,2023-08-27,7936172,7646352,7123691,22126973,7936008
974,2023-08-28,7936179,7646359,7123705,22127001,7936015
975,2023-08-29,7936186,7646364,7123734,22127041,7936022
976,2023-08-30,7936198,7646370,7123765,22127090,7936034
977,2023-08-31,7936203,7646380,7123802,22127142,7936039
978,2023-09-01,7936208,7646383,7123813,22127161,7936044
979,2023-09-02,7936209,7646384,7123817,22127166,7936045
980,2023-09-03,7936209,7646385,7123818,22127168,7936045
981,2023-09-04,7936220,7646395,7123832,22127202,7936056
982,2023-09-05,7936229,7646398,7123868,22127250,7936065
983,2023-09-06,7936234,7646401,7123882,22127272,7936070
984,2023-09-07,7936249,7646407,7123913,22127323,7936085
985,2023-09-08,7936249,7646407,7123913,22127323,7936085
986,2023-09-09,7936253,7646411,7123923,22127341,7936089
987,2023-09-10,7936253,7646411,7123923,22127341,7936089
988,2023-09-11,7936258,7646415,7123949,22127376,7936094
989,2023-09-12,7936262,7646421,7123993,22127430,7936098
990,2023-09-13,7936270,7646427,7124016,22127467,7936106
991,2023-09-14,7936282,7646432,7124051,22127519,7936118
992,2023-09-15,7936291,7646438,7124068,22127551,7936127
993,2023-09-16,7936293,7646440,7124074,22127560,7936129
994,2023-09-17,7936295,7646442,7124075,22127565,7936131
995,2023-09-18,7936306,7646449,7124115,22127623,7936142
996,2023-09-19,7936314,7646457,7124174,22127698,7936150
997,2023-09-20,7936322,7646463,7124208,22127746,7936158
998,2023-09-21,7936334,7646469,7124272,22127827,7936170
999,2023-09-22,7936339,7646476,7124318,22127884,7936175
1000,2023-09-23,7936339,7646477,7124321,22127888,7936175
1001,2023-09-24,7936343,7646478,7124324,22127896,7936179
1002,2023-09-25,7936352,7646487,7124352,22127942,7936188
1003,2023-09-26,7936362,7646490,7124412,22128014,7936198
1004,2023-09-27,7936366,7646493,7124458,22128067,7936202
1005,2023-09-28,7936375,7646499,7124534,22128158,7936211
1006,2023-09-29,7936394,7646511,7124575,22128230,7936230
1007,2023-09-30,7936394,7646512,7124577,22128233,7936230
1008,2023-10-01,7936394,7646512,7124577,22128233,7936230
1009,2023-10-02,7936408,7646523,7124634,22128315,7936244
1010,2023-10-03,7936413,7646525,7124715,22128403,7936249
1011,2023-10-04,7936420,7646530,7124770,22128470,7936256
1012,2023-10-05,7936430,7646539,7124879,22128598,7936266
1013,2023-10-06,7936437,7646545,7124906,22128638,7936273
1014,2023-10-07,7936437,7646545,7124906,22128638,7936273
1015,2023-10-08,7936438,7646546,7124914,22128648,7936274
1016,2023-10-09,7936448,7646558,7124953,22128707,7936284
1017,2023-10-10,7936455,7646570,7125000,22128773,7936291
1018,2023-10-11,7936466,7646575,7125017,22128806,7936302
1019,2023-10-12,7936470,7646578,7125051,22128847,7936306
1020,2023-10-13,7936474,7646582,7125061,22128865,7936310
1021,2023-10-14,7936474,7646582,7125062,22128866,7936310
1022,2023-10-15,7936474,7646582,7125062,22128866,7936310
1023,2023-10-16,7936476,7646584,7125133,22128941,7936312
1024,2023-10-17,7936484,7646590,7125903,22129725,7936320
1025,2023-10-18,7936497,7646596,7127074,22130914,7936333
1026,2023-10-19,7936511,7646609,7129968,22133835,7936347
1027,2023-10-20,7936519,7646613,7131127,22135006,7936355
1028,2023-10-21,7936519,7646615,7131156,22135037,7936355
1029,2023-10-22,7936519,7646615,7131162,22135043,7936355
1030,2023-10-23,7936530,7646618,7133031,22136926,7936366
1031,2023-10-24,7936549,7646625,7136559,22140480,7936385
1032,2023-10-25,7936562,7646630,7138275,22142215,7936398
1033,2023-10-26,7936575,7646634,7142178,22146135,7936411
1034,2023-10-27,7936579,7646636,7143761,22147724,7936415
1035,2023-10-28,7936579,7646637,7143789,22147753,7936415
1036,2023-10-29,7936579,7646637,7143797,22147761,7936415
1037,2023-10-30,7936586,7646641,7145933,22149908,7936422
1038,2023-10-31,7936611,7646647,7150274,22154280,7936447
1039,2023-11-01,7936620,7646651,7152606,22156625,7936456
1040,2023-11-02,7936642,7646656,7156944,22160990,7936478
1041,2023-11-03,7936661,7646661,7159269,22163339,7936497
1042,2023-11-04,7936663,7646662,7159551,22163624,7936499
1043,2023-11-05,7936663,7646662,7159551,22163624,7936499
1044,2023-11-06,7936676,7646664,7161777,22165865,7936512
1045,2023-11-07,7936694,7646677,7165900,22170019,7936530
1046,2023-11-08,7936711,7646687,7168330,22172476,7936547
1047,2023-11-09,7936737,7646696,7173583,22177764,7936573
1048,2023-11-10,7936756,7646704,7176866,22181074,7936592
1049,2023-11-11,7936758,7646706,7177159,22181371,7936594
1050,2023-11-12,7936758,7646706,7177172,22181384,7936594
1051,2023-11-13,7936769,7646709,7179544,22183770,7936605
1052,2023-11-14,7936790,7646722,7185375,22189635,7936626
1053,2023-11-15,7936804,7646725,7188353,22192629,7936640
1054,2023-11-16,7936818,7646733,7193434,22197733,7936654
1055,2023-11-17,7936833,7646738,7196431,22200750,7936669
1056,2023-11-18,7936833,7646741,7196694,22201016,7936669
1057,2023-11-19,7936833,7646744,7196702,22201027,7936669
1058,2023-11-20,7936853,7646754,7199044,22203399,7936689
1059,2023-11-21,7936876,7646759,7204249,22208632,7936712
1060,2023-11-22,7936889,7646765,7206918,22211320,7936725
1061,2023-11-23,7936910,7646770,7211957,22216385,7936746
1062,2023-11-24,7936925,7646779,7215157,22219608,7936761
1063,2023-11-25,7936927,7646779,7215466,22219919,7936763
1064,2023-11-26,7936927,7646779,7215475,22219928,7936763
1065,2023-11-27,7936936,7646785,7217848,22222316,7936772
1066,2023-11-28,7936958,7646790,7223119,22227614,7936794
1067,2023-11-29,7936972,7646792,7225693,22230204,7936808
1068,2023-11-30,7936982,7646794,7230652,22235174,7936818
1069,2023-12-01,7936998,7646800,7233294,22237837,7936833
1070,2023-12-02,7936999,7646800,7233346,22237890,7936834
1071,2023-12-03,7936999,7646800,7233350,22237894,7936834
1072,2023-12-04,7937011,7646808,7235609,22240174,7936846
1073,2023-12-05,7937023,7646809,7240716,22245294,7936858
1074,2023-12-06,7937031,7646811,7242988,22247576,7936866
1075,2023-12-07,7937053,7646820,7248058,22252677,7936888
1076,2023-12-08,7937063,7646821,7251180,22255810,7936898
1077,2023-12-09,7937065,7646822,7251546,22256179,7936900
1078,2023-12-10,7937065,7646822,7251554,22256187,7936900
1079,2023-12-11,7937074,7646824,7254076,22258720,7936909
1080,2023-12-12,7937086,7646830,7259120,22263782,7936921
1081,2023-12-13,7937096,7646831,7261413,22266086,7936931
1082,2023-12-14,7937117,7646835,7266461,22271159,7936952
1083,2023-12-15,7937131,7646841,7269568,22274286,7936965
1084,2023-12-16,7937132,7646841,7269892,22274611,7936966
1085,2023-12-17,7937132,7646841,7269927,22274646,7936966
1086,2023-12-18,7937142,7646842,7272171,22276902,7936976
1087,2023-12-19,7937158,7646846,7277015,22281766,7936992
1088,2023-12-20,7937174,7646849,7279095,22283865,7937008
1089,2023-12-21,7937197,7646852,7282667,22287463,7937031
1090,2023-12-22,7937211,7646854,7284748,22289560,7937045
1091,2023-12-23,7937211,7646854,7284992,22289804,7937045
1092,2023-12-24,7937211,7646854,7285025,22289837,7937045
1093,2023-12-25,7937211,7646854,7285052,22289864,7937045
1094,2023-12-26,7937211,7646854,7285056,22289868,7937045
1095,2023-12-27,7937226,7646860,7286235,22291068,7937060
1096,2023-12-28,7937249,7646861,7290806,22295663,7937083
1097,2023-12-29,7937265,7646864,7293707,22298583,7937099
1098,2023-12-30,7937268,7646864,7294068,22298947,7937102
1099,2023-12-31,7937268,7646864,7294103,22298982,7937102
1100,2024-01-01,7937268,7646864,7294115,22298994,7937102
1101,2024-01-02,7937296,7646865,7301417,22306325,7937130
1102,2024-01-03,7937305,7646867,7305182,22310100,7937139
1103,2024-01-04,7937326,7646870,7313233,22318176,7937160
1104,2024-01-05,7937354,7646874,7318357,22323331,7937188
1105,2024-01-06,7937358,7646876,7318875,22323856,7937192
1106,2024-01-07,7937358,7646876,7318887,22323868,7937192
1107,2024-01-08,7937373,7646885,7323203,22328208,7937207
1108,2024-01-09,7937392,7646894,7333020,22338050,7937225
1109,2024-01-10,7937407,7646898,7337869,22342919,7937240
1110,2024-01-11,7937428,7646902,7346439,22351514,7937261
1111,2024-01-12,7937449,7646910,7351773,22356877,7937282
1112,2024-01-13,7937450,7646912,7352292,22357398,7937283
1113,2024-01-14,7937450,7646912,7352299,22357405,7937283
1114,2024-01-15,7937456,7646914,7358334,22363448,7937289
1115,2024-01-16,7937456,7646914,7358334,22363448,7937289
1116,2024-01-17,7937456,7646914,7358334,22363448,7937289
1117,2024-01-18,7937514,7646925,7385264,22390448,7937347
1118,2024-01-19,7937536,7646934,7391359,22396575,7937369
1119,2024-01-20,7937538,7646934,7392180,22397398,7937371
1120,2024-01-21,7937538,7646934,7392205,22397423,7937371
1121,2024-01-22,7937556,7646935,7397396,22402633,7937389
1122,2024-01-23,7937575,7646938,7407042,22412301,7937408
1123,2024-01-24,7937592,7646946,7412130,22417414,7937425
1124,2024-01-25,7937618,7646950,7420011,22425325,7937451
1125,2024-01-26,7937637,7646953,7425026,22430362,7937470
1126,2024-01-27,7937640,7646954,7425590,22430930,7937473
1127,2024-01-28,7937640,7646954,7425597,22430937,7937473
1128,2024-01-29,7937654,7646956,7429255,22434611,7937487
1129,2024-01-30,7937669,7646962,7434319,22439696,7937502
1130,2024-01-31,7937685,7646963,7436629,22442023,7937518
1131,2024-02-01,7937703,7646963,7440077,22445489,7937536
1132,2024-02-02,7937714,7646969,7441836,22447266,7937547
1133,2024-02-03,7937716,7646969,7442000,22447432,7937549
1134,2024-02-04,7937716,7646969,7442000,22447432,7937549
1135,2024-02-05,7937727,7646971,7443410,22448855,7937560
1136,2024-02-06,7937742,7646976,7445355,22450820,7937575
1137,2024-02-07,7937753,7646979,7446316,22451795,7937586
1138,2024-02-08,7937767,7646981,7447970,22453465,7937600
1139,2024-02-09,7937778,7646983,7448727,22454235,7937611
1140,2024-02-10,7937779,7646983,7448794,22454303,7937612
1141,2024-02-11,7937779,7646983,7448796,22454305,7937612
1142,2024-02-12,7937785,7646983,7449564,22455081,7937618
1143,2024-02-13,7937794,7646983,7450415,22455941,7937627
1144,2024-02-14,7937799,7646985,7450929,22456462,7937632
1145,2024-02-15,7937813,7646987,7451754,22457303,7937646
1146,2024-02-16,7937820,7646991,7452167,22457727,7937653
1147,2024-02-17,7937821,7646992,7452204,22457766,7937654
1148,2024-02-18,7937821,7646992,7452204,22457766,7937654
1149,2024-02-19,7937828,7646993,7452593,22458163,7937661
1150,2024-02-20,7937839,7646997,7453280,22458865,7937672
1151,2024-02-21,7937844,7646999,7453621,22459213,7937677
1152,2024-02-22,7937854,7647004,7454189,22459796,7937687
1153,2024-02-23,7937861,7647007,7454479,22460096,7937694
1154,2024-02-24,7937861,7647007,7454491,22460108,7937694
1155,2024-02-25,7937861,7647007,7454491,22460108,7937694
1156,2024-02-26,7937868,7647009,7454759,22460385,7937701
1157,2024-02-27,7937874,7647012,7455192,22460827,7937707
1158,2024-02-28,7937880,7647013,7455545,22461187,7937713
1159,2024-02-29,7937885,7647013,7456042,22461689,7937718
1160,2024-03-01,7937892,7647015,7456320,22461977,7937725
1161,2024-03-02,7937892,7647015,7456321,22461978,7937725
1162,2024-03-03,7937892,7647015,7456358,22462015,7937725
1163,2024-03-04,7937894,7647015,7456569,22462228,7937727
1164,2024-03-05,7937899,7647016,7457009,22462674,7937732
1165,2024-03-06,7937903,7647016,7457275,22462944,7937736
1166,2024-03-07,7937908,7647017,7457589,22463264,7937741
1167,2024-03-08,7937912,7647017,7457809,22463488,7937745
1168,2024-03-09,7937912,7647017,7457809,22463488,7937745
1169,2024-03-10,7937912,7647017,7457809,22463488,7937745
1170,2024-03-11,7937917,7647021,7458027,22463715,7937750
1171,2024-03-12,7937923,7647022,7458285,22463980,7937756
1172,2024-03-13,7937930,7647025,7458494,22464199,7937763
1173,2024-03-14,7937936,7647027,7458757,22464470,7937769
1174,2024-03-15,7937938,7647027,7458863,22464578,7937771
1175,2024-03-16,7937939,7647028,7458866,22464584,7937772
1176,2024-03-17,7937939,7647028,7458866,22464584,7937772
1177,2024-03-18,7937939,7647028,7458866,22464584,7937772
1178,2024-03-19,7937942,7647029,7459143,22464865,7937775
1179,2024-03-20,7937949,7647033,7459312,22465044,7937782
1180,2024-03-21,7937962,7647034,7459530,22465276,7937795
1181,2024-03-22,7937965,7647036,7459615,22465366,7937798
1182,2024-03-23,7937965,7647036,7459616,22465367,7937798
1183,2024-03-24,7937965,7647036,7459616,22465367,7937798
1184,2024-03-25,7937965,7647036,7459616,22465367,7937798
1185,2024-03-26,7937968,7647038,7459705,22465461,7937801
1186,2024-03-27,7937975,7647040,7459774,22465539,7937808
1187,2024-03-28,7937985,7647040,7459935,22465710,7937818
1188,2024-03-29,7937989,7647042,7460021,22465803,7937822
1189,2024-03-30,7937989,7647042,7460021,22465803,7937822
1190,2024-03-31,7937989,7647042,7460021,22465803,7937822
1191,2024-04-01,7937990,7647042,7460041,22465824,7937823
1192,2024-04-02,7937996,7647042,7460109,22465898,7937829
1193,2024-04-03,7938001,7647043,7460150,22465945,7937834
1194,2024-04-04,7938004,7647043,7460204,22466002,7937837
1195,2024-04-05,7938006,7647045,7460256,22466058,7937839
1196,2024-04-06,7938006,7647045,7460256,22466058,7937839
1197,2024-04-07,7938006,7647045,7460256,22466058,7937839
1198,2024-04-08,7938011,7647048,7460348,22466158,7937844
1199,2024-04-09,7938021,7647050,7460487,22466309,7937854
1200,2024-04-10,7938024,7647050,7460501,22466326,7937857
1201,2024-04-11,7938026,7647050,7460551,22466378,7937859
1202,2024-04-12,7938035,7647052,7460591,22466429,7937868
1203,2024-04-13,7938035,7647052,7460591,22466429,7937868
1204,2024-04-14,7938035,7647052,7460591,22466429,7937868
1205,2024-04-15,7938035,7647052,7460653,22466491,7937868
1206,2024-04-16,7938048,7647054,7460770,22466623,7937881
1207,2024-04-17,7938049,7647054,7460794,22466648,7937882
1208,2024-04-18,7938053,7647055,7460828,22466687,7937886
1209,2024-04-19,7938056,7647055,7460855,22466717,7937889
1210,2024-04-20,7938056,7647055,7460855,22466717,7937889
1211,2024-04-21,7938056,7647055,7460855,22466717,7937889
1212,2024-04-22,7938057,7647055,7460903,22466766,7937890
1213,2024-04-23,7938061,7647055,7460991,22466858,7937894
1214,2024-04-24,7938068,7647056,7461014,22466892,7937901
1215,2024-04-25,7938070,7647056,7461038,22466918,7937903
1216,2024-04-26,7938077,7647057,7461058,22466948,7937910
1217,2024-04-27,7938077,7647057,7461058,22466948,7937910
1218,2024-04-28,7938077,7647057,7461058,22466948,7937910
1219,2024-04-29,7938083,7647059,7461144,22467042,7937916
1220,2024-04-30,7938088,7647061,7461193,22467098,7937921
1221,2024-05-01,7938089,7647061,7461194,22467100,7937922
1222,2024-05-02,7938091,7647061,7461201,22467109,7937924
1223,2024-05-03,7938091,7647061,7461201,22467109,7937924
1224,2024-05-04,7938091,7647061,7461201,22467109,7937924
1225,2024-05-05,7938091,7647061,7461201,22467109,7937924
1226,2024-05-06,7938091,7647061,7461201,22467109,7937924
1227,2024-05-07,7938091,7647061,7461201,22467109,7937924
1228,2024-05-08,7938094,7647061,7461207,22467118,7937927
1229,2024-05-09,7938096,7647061,7461232,22467145,7937929
1230,2024-05-10,7938101,7647062,7461258,22467177,7937934
1231,2024-05-11,7938101,7647062,7461258,22467177,7937934
1232,2024-05-12,7938101,7647062,7461258,22467177,7937934
1233,2024-05-13,7938103,7647063,7461290,22467212,7937936
1234,2024-05-14,7938108,7647063,7461330,22467257,7937941
1235,2024-05-15,7938113,7647065,7461382,22467316,7937946
1236,2024-05-16,7938113,7647065,7461390,22467324,7937946
1237,2024-05-17,7938119,7647066,7461411,22467352,7937952
1238,2024-05-18,7938119,7647066,7461411,22467352,7937952
1239,2024-05-19,7938119,7647066,7461411,22467352,7937952
1240,2024-05-20,7938120,7647066,7461444,22467386,7937953
1241,2024-05-21,7938124,7647066,7461486,22467433,7937957
1242,2024-05-22,7938129,7647068,7461498,22467453,7937962
1243,2024-05-23,7938131,7647068,7461510,22467467,7937964
1244,2024-05-24,7938135,7647069,7461523,22467485,7937968
1245,2024-05-25,7938135,7647069,7461523,22467485,7937968
1246,2024-05-26,7938135,7647069,7461523,22467485,7937968
1247,2024-05-27,7938135,7647069,7461547,22467509,7937968
1248,2024-05-28,7938140,7647070,7461589,22467557,7937973
1249,2024-05-29,7938142,7647071,7461596,22467567,7937975
1250,2024-05-30,7938145,7647071,7461601,22467575,7937978
1251,2024-05-31,7938152,7647071,7461631,22467612,7937985
1252,2024-06-01,7938152,7647071,7461631,22467612,7937985
1253,2024-06-02,7938152,7647071,7461631,22467612,7937985
1254,2024-06-03,7938153,7647072,7461645,22467628,7937986
1255,2024-06-04,7938155,7647073,7461656,22467642,7937988
1256,2024-06-05,7938159,7647073,7461729,22467719,7937992
1257,2024-06-06,7938159,7647073,7461736,22467727,7937992
1258,2024-06-07,7938159,7647073,7461749,22467740,7937992
1259,2024-06-08,7938159,7647073,7461749,22467740,7937992
1260,2024-06-09,7938159,7647073,7461749,22467740,7937992
1261,2024-06-10,7938160,7647073,7461773,22467765,7937993
1262,2024-06-11,7938167,7647073,7461806,22467805,7938000
1263,2024-06-12,7938167,7647073,7461813,22467812,7938000
1264,2024-06-13,7938167,7647073,7461817,22467816,7938000
1265,2024-06-14,7938173,7647073,7461828,22467833,7938006
1266,2024-06-15,7938173,7647073,7461828,22467833,7938006
1267,2024-06-16,7938173,7647073,7461828,22467833,7938006
1268,2024-06-17,7938178,7647073,7461851,22467861,7938011
1269,2024-06-18,7938188,7647073,7461866,22467886,7938021
1270,2024-06-19,7938190,7647074,7461875,22467898,7938023
1271,2024-06-20,7938190,7647075,7461884,22467909,7938023
1272,2024-06-21,7938194,7647076,7461900,22467930,7938027
1273,2024-06-22,7938194,7647076,7461900,22467930,7938027
1274,2024-06-23,7938194,7647076,7461900,22467930,7938027
1275,2024-06-24,7938194,7647076,7461900,22467930,7938027
1276,2024-06-25,7938197,7647076,7461937,22467970,7938030
1277,2024-06-26,7938198,7647076,7461944,22467978,7938031
1278,2024-06-27,7938200,7647076,7461949,22467985,7938033
1279,2024-06-28,7938200,7647076,7461949,22467985,7938033
1280,2024-06-29,7938200,7647076,7461949,22467985,7938033
1281,2024-06-30,7938200,7647076,7461949,22467985,7938033
1282,2024-07-01,7938200,7647076,7461949,22467985,7938033
1283,2024-07-02,7938200,7647076,7461949,22467985,7938033
1284,2024-07-03,7938200,7647076,7461949,22467985,7938033
1285,2024-07-04,7938200,7647076,7461949,22467985,7938033
1286,2024-07-05,7938200,7647076,7461949,22467985,7938033
1287,2024-07-06,7938200,7647076,7461949,22467985,7938033
1288,2024-07-07,7938200,7647076,7461949,22467985,7938033
1289,2024-07-08,7938200,7647076,7461949,22467985,7938033
1290,2024-07-09,7938200,7647076,7461949,22467985,7938033
1291,2024-07-10,7938200,7647076,7461949,22467985,7938033
1292,2024-07-11,7938235,7647080,7462179,22468256,7938068
1293,2024-07-12,7938240,7647080,7462219,22468301,7938073
1294,2024-07-13,7938240,7647080,7462219,22468301,7938073
1295,2024-07-14,7938240,7647080,7462219,22468301,7938073
1296,2024-07-15,7938243,7647080,7462294,22468380,7938076
1297,2024-07-16,7938248,7647080,7462395,22468486,7938081
1298,2024-07-17,7938250,7647081,7462408,22468502,7938083
1299,2024-07-18,7938250,7647081,7462416,22468510,7938083
1300,2024-07-19,7938251,7647081,7462480,22468575,7938084
1301,2024-07-20,7938251,7647081,7462480,22468575,7938084
1302,2024-07-21,7938251,7647081,7462480,22468575,7938084
1303,2024-07-22,7938258,7647081,7462541,22468643,7938091
1304,2024-07-23,7938260,7647082,7462638,22468743,7938093
1305,2024-07-24,7938260,7647082,7462652,22468757,7938093
1306,2024-07-25,7938260,7647082,7462666,22468771,7938093
1307,2024-07-26,7938264,7647082,7462699,22468808,7938097
1308,2024-07-27,7938264,7647082,7462700,22468809,7938097
1309,2024-07-28,7938264,7647082,7462700,22468809,7938097
1310,2024-07-29,7938268,7647082,7462766,22468879,7938101
1311,2024-07-30,7938269,7647082,7462836,22468950,7938102
1312,2024-07-31,7938271,7647082,7462853,22468969,7938104
1313,2024-08-01,7938272,7647082,7462868,22468985,7938105
1314,2024-08-02,7938274,7647082,7462890,22469009,7938107
1315,2024-08-03,7938274,7647082,7462890,22469009,7938107
1316,2024-08-04,7938274,7647082,7462890,22469009,7938107
1317,2024-08-05,7938275,7647082,7462930,22469050,7938108
1318,2024-08-06,7938282,7647082,7462996,22469123,7938115
1319,2024-08-07,7938286,7647082,7463002,22469133,7938119
1320,2024-08-08,7938289,7647082,7463011,22469145,7938122
1321,2024-08-09,7938291,7647082,7463037,22469173,7938124
1322,2024-08-10,7938291,7647082,7463037,22469173,7938124
1323,2024-08-11,7938291,7647082,7463037,22469173,7938124
1324,2024-08-12,7938293,7647082,7463080,22469218,7938126
1325,2024-08-13,7938296,7647082,7463128,22469269,7938129
1326,2024-08-14,7938298,7647082,7463139,22469282,7938131
1327,2024-08-15,7938298,7647082,7463139,22469282,7938131
1328,2024-08-16,7938302,7647084,7463154,22469303,7938135
1329,2024-08-17,7938302,7647084,7463154,22469303,7938135
1330,2024-08-18,7938302,7647084,7463154,22469303,7938135
1331,2024-08-19,7938307,7647084,7463180,22469334,7938140
1332,2024-08-20,7938310,7647084,7463210,22469367,7938143
1333,2024-08-21,7938310,7647084,7463216,22469373,7938143
1334,2024-08-22,7938310,7647084,7463230,22469387,7938143
1335,2024-08-23,7938310,7647084,7463244,22469401,7938143
1336,2024-08-24,7938310,7647084,7463244,22469401,7938143
1337,2024-08-25,7938310,7647084,7463244,22469401,7938143
1338,2024-08-26,7938312,7647084,7463263,22469422,7938145
1339,2024-08-27,7938314,7647085,7463287,22469449,7938147
1340,2024-08-28,7938315,7647085,7463296,22469459,7938148
1341,2024-08-29,7938317,7647085,7463306,22469471,7938150
1342,2024-08-30,7938319,7647085,7463333,22469500,7938152
